{
  "Component-dbg.js": 1733136507239,
  "manifest.json": 1733136997518,
  "controller/View1.controller.js": 1733136507247,
  "controller/App.controller.js": 1733136507243,
  "model/models.js": 1733136507239,
  "Component.js": 1733136507239,
  "controller/App-dbg.controller.js": 1733136507243,
  "controller/App.controller.js.map": 1733136997663,
  "controller/View1-dbg.controller.js": 1733136507247,
  "controller/View1.controller.js.map": 1733136997662,
  "model/models-dbg.js": 1733136507239,
  "model/models.js.map": 1733136997663,
  "i18n/i18n.properties": 1733136507239,
  "Component.js.map": 1733136997663,
  "Component-preload.js": 1733136997735,
  "Component-preload.js.map": 1733136997735,
  "view/View1.view.xml": 1733136507243,
  "view/App.view.xml": 1733136507243,
  "css/style.css": 1733136507243,
  "index.html": 1733136507239
}